GENE_SYMBOL,POSITION,REF,ALT,GAF,MAX_FREQ,CONSEQUENCE,IMPACT,EXON,HGVSc,HGVSp,INCLIVA_PATH_MUTATION,HOTSPOT,MIXED_DB,MIXED_ORIGIN,MIXED_CLIN_SIG,VARIANT_ID,1000G_AF,MAX_AF,GNOMAD,CLINVAR,notas,SIFT,POLYPHEN,REVIEWED_VARIANT,ONCOGENIC,TREATMENT,GENEINFO,EVIDENCE_LEVEL,PUBMED,1-PDAC-016_L1_FREQUENCY,1-PDAC-016_L1_DP,2-PDAC-017_L1_FREQUENCY,2-PDAC-017_L1_DP,3-PDAC-018_L1_FREQUENCY,3-PDAC-018_L1_DP,4-PDAC-019_L1_FREQUENCY,4-PDAC-019_L1_DP,6-PDAC-021_L1_FREQUENCY,6-PDAC-021_L1_DP,8-PDAC-023_L1_FREQUENCY,8-PDAC-023_L1_DP,9-PDAC-024_L1_FREQUENCY,9-PDAC-024_L1_DP,10-PDAC-025_L1_FREQUENCY,10-PDAC-025_L1_DP,12-PDAC-027_L1_FREQUENCY,12-PDAC-027_L1_DP,13-PDAC-028_L1_FREQUENCY,13-PDAC-028_L1_DP,14-PDAC-029_L1_FREQUENCY,14-PDAC-029_L1_DP,15-PDAC-030_L1_FREQUENCY,15-PDAC-030_L1_DP,16-PDAC-031_L1_FREQUENCY,16-PDAC-031_L1_DP,17-PDAC-032_L1_FREQUENCY,17-PDAC-032_L1_DP,18-PDAC-033_L1_FREQUENCY,18-PDAC-033_L1_DP,19-PDAC-034_L1_FREQUENCY,19-PDAC-034_L1_DP,21-PDAC-036_L1_FREQUENCY,21-PDAC-036_L1_DP,22-PDAC-037_L1_FREQUENCY,22-PDAC-037_L1_DP,23-PDAC-038_L1_FREQUENCY,23-PDAC-038_L1_DP,24-PDAC-039_L1_FREQUENCY,24-PDAC-039_L1_DP,25-PDAC-040_L1_FREQUENCY,25-PDAC-040_L1_DP,26-PDAC-041_L1_FREQUENCY,26-PDAC-041_L1_DP,28-PDAC-043_L1_FREQUENCY,28-PDAC-043_L1_DP,29-PDAC-044_L1_FREQUENCY,29-PDAC-044_L1_DP,30-PDAC-045_L1_FREQUENCY,30-PDAC-045_L1_DP,32-PDAC-047_L1_FREQUENCY,32-PDAC-047_L1_DP,33-PDAC-048_L1_FREQUENCY,33-PDAC-048_L1_DP,35-PDAC-050_L1_FREQUENCY,35-PDAC-050_L1_DP,36-PDAC-051_L1_FREQUENCY,36-PDAC-051_L1_DP,INC_DRIVER
KRAS,chr12:25227348,G,A,1,1%,missense_variant,MODERATE,3|5,ENST00000311936.8:c.176C>T,p.Ala59Val,-,-,-,-,-,COSM6362493&rs104886029,-,-,-,not_provided,,deleterious(0.03),possibly_damaging(0.849),FALSE,Likely_Oncogenic,Trametinib|Binimetinib|Panitumumab|Cobimetinib|Cetuximab,KRAS:3845,-,21264207,-,-,-,-,-,-,-,-,-,-,-,-,-,-,-,-,-,-,-,-,-,-,-,-,-,-,1%,212,-,-,-,-,-,-,-,-,-,-,-,-,-,-,-,-,-,-,-,-,-,-,-,-,-,-,-,-,-,-,Ib
KRAS,chr12:25245328,C,A,1,2%,missense_variant,MODERATE,2|5,ENST00000311936.8:c.57G>T,p.Leu19Phe,yes,-,-,-,-,rs121913538&COSM20818&CM155383,-,-,-,likely_pathogenic,,deleterious(0.01),probably_damaging(0.998),TRUE,Oncogenic,Trametinib|Binimetinib|Panitumumab|Cobimetinib|Cetuximab,KRAS:3845,-,25157968&25808193&8456858&24740626,-,-,-,-,-,-,-,-,-,-,-,-,-,-,-,-,2%,155,-,-,-,-,-,-,-,-,-,-,-,-,-,-,-,-,-,-,-,-,-,-,-,-,-,-,-,-,-,-,-,-,-,-,-,-,-,-,-,-,Ia
KRAS,chr12:25245348,C,A,1,1%,missense_variant,MODERATE,2|5,ENST00000311936.8:c.37G>T,p.Gly13Cys,yes,-,-,-,-,rs121913535&COSM527,-,0,0,pathogenic,,deleterious(0.03),probably_damaging(0.976),TRUE,Oncogenic,Trametinib|Binimetinib|Panitumumab|Cobimetinib|Cetuximab,KRAS:3845,-,24033266&25157968&12460918&19255327&17384584&19773371&23406027&15696205&16361624&16618717&18316791&18794081&19114683&19679400&20921462&20921465&21228335&21079152&16247081,-,-,-,-,-,-,-,-,-,-,-,-,-,-,-,-,-,-,-,-,-,-,-,-,-,-,1%,135,-,-,-,-,-,-,-,-,-,-,-,-,-,-,-,-,-,-,-,-,-,-,-,-,-,-,-,-,-,-,Ia
KRAS,chr12:25245350,C,T,8,38%,missense_variant,MODERATE,2|5,ENST00000311936.8:c.35G>A,p.Gly12Asp,yes,-,-,-,-,COSM521&rs121913529,-,8.88E-06,4.01E-06,pathogenic&likely_pathogenic,,deleterious(0),benign(0.21),TRUE,Oncogenic,Trametinib|Binimetinib|Panitumumab|Cobimetinib|Cetuximab,KRAS:3845,-,25157968&19029981&2278970&3122217&12460918&16434492&19075190&22407852&22499344&19018267&21975775&17704260&19255327&17384584&19773371&22683711&23406027&15696205&16361624&16618717&18316791&18794081&19114683&19679400&20921462&20921465&21228335&17332249&19794967&21398618&23182985&19047918&7773929&8439212&15842656&17910045&19358724&19881948&20609353&20805368&20949522&21079152&21169357&22025163&22235099&22282465&22897852&23014527&25044103&26372703&27872090&29525983&30463544&29721857&29298116&31949278,28%,138,-,-,-,-,5%,98,3%,146,6%,132,-,-,-,-,5%,176,38%,170,-,-,-,-,-,-,-,-,-,-,-,-,-,-,10%,136,-,-,-,-,3%,137,-,-,-,-,-,-,-,-,-,-,-,-,-,-,-,-,Ia
KRAS,chr12:25245350,C,A,4,46%,missense_variant,MODERATE,2|5,ENST00000311936.8:c.35G>T,p.Gly12Val,yes,-,-,-,-,COSM520&rs121913529,-,0,0,likely_pathogenic&pathogenic,,deleterious(0),probably_damaging(0.96),TRUE,Oncogenic,Trametinib|Binimetinib|Panitumumab|Cobimetinib|Cetuximab,KRAS:3845,-,25157968&19029981&2278970&3122217&12460918&16434492&19075190&22407852&22499344&19018267&21975775&17704260&19255327&17384584&19773371&22683711&23406027&15696205&16361624&16618717&18316791&18794081&19114683&19679400&20921462&20921465&21228335&17332249&19794967&21398618&23182985&19047918&7773929&8439212&15842656&17910045&19358724&19881948&20609353&20805368&20949522&21079152&21169357&22025163&22235099&22282465&22897852&23014527&25044103&26372703&27872090&29525983&30463544&29721857&29298116&31949278,-,-,-,-,-,-,-,-,-,-,-,-,46%,177,-,-,-,-,-,-,-,-,-,-,-,-,-,-,4%,142,27%,139,-,-,-,-,-,-,-,-,-,-,-,-,3%,151,-,-,-,-,-,-,-,-,-,-,-,-,Ia
KRAS,chr12:25245351,C,G,2,20%,missense_variant,MODERATE,2|5,ENST00000311936.8:c.34G>C,p.Gly12Arg,yes,-,-,-,-,rs121913530&COSM518&CM076251,-,0,0,pathogenic,,deleterious(0.03),benign(0.302),TRUE,Oncogenic,Trametinib|Binimetinib|Panitumumab|Cobimetinib|Cetuximab,KRAS:3845,-,24033266&25157968&12460918&19018267&21975775&17704260&19255327&17384584&19773371&23406027&15696205&16361624&16618717&18316791&18794081&19114683&19679400&20921462&20921465&21228335&22722830&17332249&23182985&7773929&19358724&23014527&25044103&6320174&6695174&11745231&18594010&26242988&28347348&29610392&31666701,-,-,-,-,-,-,-,-,-,-,-,-,-,-,-,-,-,-,-,-,-,-,-,-,-,-,-,-,-,-,-,-,-,-,-,-,-,-,2%,128,-,-,-,-,-,-,20%,179,-,-,-,-,-,-,-,-,-,-,Ia
KRAS,chr12:25245351,C,A,1,4%,missense_variant,MODERATE,2|5,ENST00000311936.8:c.34G>T,p.Gly12Cys,yes,-,-,-,-,rs121913530&COSM516&CM076251,-,0,0,pathogenic&likely_pathogenic&not_provided,,deleterious(0.02),probably_damaging(0.99),TRUE,Oncogenic,Trametinib|Sotorasib|Adagrasib|Binimetinib|Panitumumab|Cobimetinib|Cetuximab,KRAS:3845,-,24033266&25157968&12460918&19018267&21975775&17704260&19255327&17384584&19773371&23406027&15696205&16361624&16618717&18316791&18794081&19114683&19679400&20921462&20921465&21228335&22722830&17332249&23182985&7773929&19358724&23014527&25044103&6320174&6695174&11745231&18594010&26242988&28347348&29610392&31666701,-,-,-,-,-,-,-,-,-,-,-,-,-,-,-,-,-,-,-,-,-,-,-,-,-,-,-,-,-,-,-,-,-,-,-,-,-,-,-,-,-,-,-,-,-,-,-,-,-,-,-,-,-,-,-,-,4%,200,Ia
BRCA2,chr13:32332296,C,A,1,2%,stop_gained,HIGH,10|28,ENST00000544455.5:c.818C>A,p.Ser273Ter,-,-,yes,germline,Pathogenic,rs80359068&CM032200,-,-,-,pathogenic,,-,-,FALSE,Likely_Oncogenic,Rucaparib|Talazoparib|Olaparib|Niraparib,BRCA2:675,-,26467025&10923033&26295337&12938098,-,-,-,-,-,-,-,-,-,-,-,-,-,-,-,-,-,-,-,-,-,-,-,-,-,-,-,-,-,-,-,-,-,-,-,-,-,-,-,-,-,-,-,-,-,-,-,-,-,-,-,-,-,-,-,-,2%,90,Ib
BRCA2,chr13:32333118,C,A,1,2%,stop_gained,HIGH,10|28,ENST00000544455.5:c.1640C>A,p.Ser547Ter,-,-,-,-,-,CM1313769,-,-,-,-,,-,-,FALSE,-,-,-,-,-,-,-,-,-,-,-,-,-,-,-,-,-,-,-,-,-,-,-,-,-,-,-,2%,117,-,-,-,-,-,-,-,-,-,-,-,-,-,-,-,-,-,-,-,-,-,-,-,-,-,-,-,-,-,-,-,-,-,-,VI
BRCA2,chr13:32336731,C,A,1,1%,stop_gained,HIGH,11|28,ENST00000544455.5:c.2376C>A,p.Tyr792Ter,-,-,yes,germline,Pathogenic,CM060883&rs80358503,-,0.0001643,3.99E-06,pathogenic,,-,-,FALSE,Likely_Oncogenic,Rucaparib|Talazoparib|Olaparib|Niraparib,BRCA2:675,-,26467025&15876480&26295337&18286383,-,-,1%,468,-,-,-,-,-,-,-,-,-,-,-,-,-,-,-,-,-,-,-,-,-,-,-,-,-,-,-,-,-,-,-,-,-,-,-,-,-,-,-,-,-,-,-,-,-,-,-,-,-,-,-,-,-,-,Ib
BRCA2,chr13:32337546,C,A,1,2%,stop_gained,HIGH,11|28,ENST00000544455.5:c.3191C>A,p.Ser1064Ter,-,-,yes,germline,Pathogenic,COSM946783&rs864622609,-,-,-,pathogenic,,-,-,FALSE,Likely_Oncogenic,Rucaparib|Talazoparib|Olaparib|Niraparib,BRCA2:675,-,-,-,-,-,-,-,-,-,-,2%,223,-,-,-,-,-,-,-,-,-,-,-,-,-,-,-,-,-,-,-,-,-,-,-,-,-,-,-,-,-,-,-,-,-,-,-,-,-,-,-,-,-,-,-,-,-,-,-,-,Ib
BRCA2,chr13:32338566,C,A,1,3%,stop_gained,HIGH,11|28,ENST00000544455.5:c.4211C>A,p.Ser1404Ter,-,-,yes,germline,Pathogenic,CD1410717&rs41293489&CM152140,-,-,-,pathogenic,,-,-,FALSE,Likely_Oncogenic,Rucaparib|Talazoparib|Olaparib|Niraparib,BRCA2:675,-,25741868,-,-,-,-,-,-,-,-,-,-,-,-,-,-,-,-,-,-,-,-,-,-,-,-,-,-,-,-,-,-,-,-,-,-,-,-,-,-,-,-,-,-,-,-,-,-,-,-,-,-,3%,69,-,-,-,-,-,-,Ib
BRCA2,chr13:32338976,A,G,1,2%,missense_variant,MODERATE,11|28,ENST00000544455.5:c.4621A>G,p.Lys1541Glu,-,-,-,-,-,COSM6138779,-,-,-,-,asociado a NSCLC en distintas bases,deleterious(0),possibly_damaging(0.492),FALSE,Unknown,-,-,-,-,-,-,-,-,-,-,-,-,-,-,-,-,-,-,-,-,-,-,-,-,-,-,-,-,-,-,-,-,-,-,-,-,-,-,-,-,-,-,-,-,-,-,-,-,-,-,-,-,-,-,-,-,2%,81,-,-,-,-,VI
BRCA2,chr13:32340054,C,A,1,1%,stop_gained,HIGH,11|28,ENST00000544455.5:c.5699C>A,p.Ser1900Ter,-,-,yes,germline,Pathogenic,rs397507797&CM129029&CM153857,-,-,-,pathogenic,,-,-,FALSE,Likely_Oncogenic,Rucaparib|Talazoparib|Olaparib|Niraparib,BRCA2:675,-,22762150,-,-,-,-,-,-,-,-,-,-,-,-,-,-,-,-,-,-,-,-,-,-,-,-,-,-,-,-,1%,660,-,-,-,-,-,-,-,-,-,-,-,-,-,-,-,-,-,-,-,-,-,-,-,-,-,-,-,-,Ib
BRCA2,chr13:32354986,C,A,1,1%,stop_gained,HIGH,14|28,ENST00000544455.5:c.7133C>A,p.Ser2378Ter,-,-,-,-,-,CM119492,-,-,-,-,,-,-,FALSE,-,-,-,-,-,-,-,-,-,-,-,-,-,-,-,-,-,-,-,-,-,-,-,-,-,-,-,-,-,-,-,-,-,1%,409,-,-,-,-,-,-,-,-,-,-,-,-,-,-,-,-,-,-,-,-,-,-,-,-,-,-,-,-,VI
BRCA2,chr13:32376769,C,A,2,1%,missense_variant,MODERATE,21|28,ENST00000544455.5:c.8732C>A,p.Ala2911Glu,-,-,yes,germline,Pathogenic,rs80359130,-,-,-,pathogenic,"significado incierto para SHCM (2021), pero patogénico para Anemia de Fanconi (2002)",deleterious(0),possibly_damaging(0.858),FALSE,Unknown,-,BRCA2:675,-,10923033&12065746,-,-,-,-,-,-,-,-,1%,1162,-,-,-,-,-,-,-,-,-,-,-,-,-,-,-,-,-,-,0%,965,-,-,-,-,-,-,-,-,-,-,-,-,-,-,-,-,-,-,-,-,-,-,-,-,-,-,-,-,VI
BRCA2,chr13:32394726,C,A,1,2%,stop_gained,HIGH,25|28,ENST00000544455.5:c.9294C>A,p.Tyr3098Ter,-,-,yes,germline,Pathogenic,CM032553&CM043985&rs80359200,-,-,-,pathogenic,,-,-,FALSE,Likely_Oncogenic,Rucaparib|Talazoparib|Olaparib|Niraparib,BRCA2:675,-,25741868&26467025&26845104&25186627&26681312&27067391&16234499&12698193&26295337&15131399&24728189,-,-,-,-,-,-,-,-,-,-,-,-,-,-,-,-,-,-,-,-,-,-,-,-,-,-,-,-,-,-,-,-,-,-,-,-,2%,121,-,-,-,-,-,-,-,-,-,-,-,-,-,-,-,-,-,-,-,-,Ib
PALB2,chr16:23626352,C,A,1,1%,stop_gained,HIGH,7|13,ENST00000261584.9:c.2632G>T,p.Glu878Ter,-,-,-,-,-,rs1555459999,-,-,-,pathogenic,,-,-,FALSE,Likely_Oncogenic,Olaparib,PALB2:79728,-,-,-,-,1%,715,-,-,-,-,-,-,-,-,-,-,-,-,-,-,-,-,-,-,-,-,-,-,-,-,-,-,-,-,-,-,-,-,-,-,-,-,-,-,-,-,-,-,-,-,-,-,-,-,-,-,-,-,-,-,Ib
TP53,chr17:7670660,A,G,1,1%,missense_variant,MODERATE,10|11,ENST00000269305.9:c.1049T>C,p.Leu350Pro,-,-,yes,Somatic,Possibly_pathogenic,COSM7447220,-,-,-,-,,deleterious(0),probably_damaging(0.996),FALSE,-,-,-,-,-,-,-,-,-,-,-,1%,557,-,-,-,-,-,-,-,-,-,-,-,-,-,-,-,-,-,-,-,-,-,-,-,-,-,-,-,-,-,-,-,-,-,-,-,-,-,-,-,-,-,-,-,-,-,-,-,-,-,-,VI
TP53,chr17:7670678,A,G,1,1%,missense_variant,MODERATE,10|11,ENST00000269305.9:c.1031T>C,p.Leu344Pro,-,-,yes,Somatic,Possibly_pathogenic,COSM44070&rs121912662&CM961377,-,-,-,pathogenic&likely_pathogenic,,deleterious(0),probably_damaging(0.967),TRUE,Likely_Oncogenic,-,TP53:7157,-,8649785&10486318,-,-,-,-,-,-,-,-,-,-,-,-,-,-,1%,713,-,-,-,-,-,-,-,-,-,-,-,-,-,-,-,-,-,-,-,-,-,-,-,-,-,-,-,-,-,-,-,-,-,-,-,-,-,-,-,-,-,-,II
TP53,chr17:7670685,G,A,1,2%,stop_gained,HIGH,10|11,ENST00000269305.9:c.1024C>T,p.Arg342Ter,-,-,yes,Somatic,Pathogenic,CM004908&rs730882029&COSM11073,-,-,-,pathogenic,,-,-,FALSE,Likely_Oncogenic,-,TP53:7157,-,-,-,-,-,-,2%,682,-,-,-,-,-,-,-,-,-,-,-,-,-,-,-,-,-,-,-,-,-,-,-,-,-,-,-,-,-,-,-,-,-,-,-,-,-,-,-,-,-,-,-,-,-,-,-,-,-,-,-,-,III
TP53,chr17:7673555,C,A,1,1%,stop_gained,HIGH,9|11,ENST00000269305.9:c.973G>T,p.Gly325Ter,-,-,yes,Somatic,Pathogenic,COSM307331&rs863224500,-,-,-,pathogenic,,-,-,FALSE,Likely_Oncogenic,-,TP53:7157,-,-,-,-,1%,644,-,-,-,-,-,-,-,-,-,-,-,-,-,-,-,-,-,-,-,-,-,-,-,-,-,-,-,-,-,-,-,-,-,-,-,-,-,-,-,-,-,-,-,-,-,-,-,-,-,-,-,-,-,-,III
TP53,chr17:7673705,C,A,1,1%,missense_variant,MODERATE,8|11,ENST00000269305.9:c.915G>T,p.Lys305Asn,-,-,yes,Somatic,Possibly_pathogenic,COSM44345,-,-,-,-,,deleterious(0),probably_damaging(0.979),FALSE,-,-,-,-,-,-,-,-,-,-,-,-,-,-,-,-,-,-,-,-,-,-,-,-,-,-,-,-,-,-,-,-,-,1%,994,-,-,-,-,-,-,-,-,-,-,-,-,-,-,-,-,-,-,-,-,-,-,-,-,-,-,-,-,VI
TP53,chr17:7674216,C,A,1,0%,missense_variant,MODERATE,7|11,ENST00000269305.9:c.747G>T,p.Arg249Ser,yes,-,yes,Somatic,Pathogenic,rs28934571&COSM10817,-,-,-,pathogenic&likely_pathogenic&conflicting_interpretations_of_pathogenicity&uncertain_significance,,deleterious(0),probably_damaging(0.989),TRUE,Likely_Oncogenic,-,TP53:7157,-,21264207&25105660&1349102&1849234&31443733&29525983&20886114&29721857,-,-,-,-,-,-,-,-,-,-,0%,919,-,-,-,-,-,-,-,-,-,-,-,-,-,-,-,-,-,-,-,-,-,-,-,-,-,-,-,-,-,-,-,-,-,-,-,-,-,-,-,-,-,-,-,-,-,-,II
TP53,chr17:7674220,C,T,1,1%,missense_variant,MODERATE,7|11,ENST00000269305.9:c.743G>A,p.Arg248Gln,yes,-,yes,Somatic,Pathogenic,COSM10662&rs11540652&COSM99602&CM920675,-,0.0001163,1.19E-05,likely_pathogenic&pathogenic&pathogenic/likely_pathogenic,,deleterious(0),probably_damaging(0.994),TRUE,Likely_Oncogenic,-,TP53:7157,-,25157968&26845104&26619011&25032700&26716509&26824983&20377871&21264207&18798306&15450681&25105660&1565143&1683921&9569050&10797439&11139324&15004724&16489069&17606709&18511570&19556618&23161690&24381225&24487413&24641375&24651012&30744407&29525983&29721857,-,-,-,-,-,-,-,-,-,-,-,-,-,-,-,-,-,-,-,-,1%,1040,-,-,-,-,-,-,-,-,-,-,-,-,-,-,-,-,-,-,-,-,-,-,-,-,-,-,-,-,-,-,-,-,-,-,-,-,II
TP53,chr17:7674221,G,A,1,3%,missense_variant,MODERATE,7|11,ENST00000269305.9:c.742C>T,p.Arg248Trp,yes,-,yes,Somatic,Pathogenic,COSM10656&CM010465&CM900211&rs121912651,-,8.79E-06,3.98E-06,likely_pathogenic&pathogenic,,deleterious(0),probably_damaging(1),TRUE,Likely_Oncogenic,-,TP53:7157,-,24033266&25157968&26619011&16489069&17606709&1631137&1978757&21343334&8099841&8425176&8527048&9598730&9825943&12826609&17427234&20013323&28664506,-,-,-,-,-,-,-,-,-,-,-,-,-,-,-,-,-,-,-,-,-,-,-,-,-,-,3%,911,-,-,-,-,-,-,-,-,-,-,-,-,-,-,-,-,-,-,-,-,-,-,-,-,-,-,-,-,-,-,II
TP53,chr17:7674229,C,T,9,1%,missense_variant,MODERATE,7|11,ENST00000269305.9:c.734G>A,p.Gly245Asp,yes,-,yes,Somatic,Pathogenic,rs121912656&CM010464&CM900209&COSM3388189,-,3.27E-05,3.98E-06,likely_pathogenic&pathogenic,,deleterious(0),probably_damaging(0.999),TRUE,Likely_Oncogenic,-,TP53:7157,-,26619011&2259385,1%,677,1%,1207,-,-,-,-,0%,1266,-,-,1%,695,-,-,-,-,-,-,-,-,-,-,-,-,-,-,-,-,0%,936,1%,747,-,-,-,-,1%,759,-,-,-,-,1%,945,-,-,1%,951,-,-,-,-,-,-,-,-,II
TP53,chr17:7674229,C,A,1,0%,missense_variant,MODERATE,7|11,ENST00000269305.9:c.734G>T,p.Gly245Val,yes,-,yes,Somatic,Pathogenic,rs121912656&CM010464&CM900209&COSM11196,-,5.44E-05,3.98E-06,likely_pathogenic&pathogenic,,deleterious(0),probably_damaging(0.999),TRUE,Likely_Oncogenic,-,TP53:7157,-,26619011&2259385,-,-,0%,1205,-,-,-,-,-,-,-,-,-,-,-,-,-,-,-,-,-,-,-,-,-,-,-,-,-,-,-,-,-,-,-,-,-,-,-,-,-,-,-,-,-,-,-,-,-,-,-,-,-,-,-,-,-,-,II
TP53,chr17:7674230,C,T,1,1%,missense_variant,MODERATE,7|11,ENST00000269305.9:c.733G>A,p.Gly245Ser,yes,-,yes,Somatic,Pathogenic,CM900210&COSM6932&COSM1640833&CM920674&rs28934575&CM010463,-,0.0001163,0,pathogenic&likely_pathogenic,,deleterious(0),probably_damaging(0.998),TRUE,Oncogenic,-,TP53:7157,-,25157968&26619011&25032700&26824983&29650325&25105660&24853176&1565143&17606709&8718514&11370630&1631137&1978757&9667734&15951970&16401470&16494995&17015838&20522432&28983852&29338689,-,-,-,-,-,-,-,-,-,-,-,-,-,-,-,-,-,-,-,-,-,-,-,-,-,-,-,-,-,-,-,-,1%,748,-,-,-,-,-,-,-,-,-,-,-,-,-,-,-,-,-,-,-,-,-,-,-,-,II
TP53,chr17:7674234,C,A,1,1%,missense_variant,MODERATE,7|11,ENST00000269305.9:c.729G>T,p.Met243Ile,-,-,yes,Somatic,VUS,COSM9865688,-,-,-,-,,deleterious(0),probably_damaging(0.999),FALSE,Likely_Oncogenic,-,-,-,-,-,-,-,-,-,-,-,-,-,-,-,-,-,-,-,-,-,-,-,-,-,-,-,-,-,-,-,-,1%,941,-,-,-,-,-,-,-,-,-,-,-,-,-,-,-,-,-,-,-,-,-,-,-,-,-,-,-,-,III
TP53,chr17:7674250,C,T,1,7%,missense_variant,MODERATE,7|11,ENST00000269305.9:c.713G>A,p.Cys238Tyr,yes,-,yes,Somatic,Pathogenic,COSM11059&rs730882005&CM034930,-,1.76E-05,7.95E-06,likely_pathogenic&conflicting_interpretations_of_pathogenicity,,deleterious(0),probably_damaging(1),TRUE,Likely_Oncogenic,-,TP53:7157,-,26619011,-,-,-,-,-,-,-,-,-,-,-,-,-,-,-,-,7%,799,-,-,-,-,-,-,-,-,-,-,-,-,-,-,-,-,-,-,-,-,-,-,-,-,-,-,-,-,-,-,-,-,-,-,-,-,-,-,-,-,II
TP53,chr17:7674876,G,T,1,1%,missense_variant,MODERATE,6|11,ENST00000269305.9:c.655C>A,p.Pro219Thr,-,yes,yes,Somatic,Possibly_pathogenic,COSM7660855&COSM44854&CM941330,-,-,-,-,,deleterious(0),probably_damaging(0.996),FALSE,Likely_Oncogenic,-,-,-,-,-,-,-,-,-,-,-,-,-,-,-,-,-,-,-,-,1%,596,-,-,-,-,-,-,-,-,-,-,-,-,-,-,-,-,-,-,-,-,-,-,-,-,-,-,-,-,-,-,-,-,-,-,-,-,-,-,-,-,III
TP53,chr17:7674894,G,A,1,36%,stop_gained,HIGH,6|11,ENST00000269305.9:c.637C>T,p.Arg213Ter,yes,-,yes,Somatic,Pathogenic,COSM10654&COSM1638393&CM951226&rs397516436,-,0,0,pathogenic,,-,-,FALSE,Likely_Oncogenic,-,TP53:7157,-,24033266&26619011&9667734&16401470&20522432&10486318&11479205&7887414&8134126&16534790&21225465&21552135&21626334&22203015&29700339,-,-,-,-,-,-,-,-,-,-,-,-,36%,610,-,-,-,-,-,-,-,-,-,-,-,-,-,-,-,-,-,-,-,-,-,-,-,-,-,-,-,-,-,-,-,-,-,-,-,-,-,-,-,-,-,-,-,-,III
TP53,chr17:7675079,T,TG,1,49%,frameshift_variant,HIGH,5|11,ENST00000269305.9:c.532dup,p.His178ProfsTer3,-,-,-,-,-,COSM1630427&COSM673518,-,-,-,-,,-,-,FALSE,-,-,-,-,-,-,-,-,-,-,-,-,-,-,-,-,-,-,-,-,-,-,-,49%,598,-,-,-,-,-,-,-,-,-,-,-,-,-,-,-,-,-,-,-,-,-,-,-,-,-,-,-,-,-,-,-,-,-,-,-,-,-,-,VI
TP53,chr17:7675080,G,T,1,1%,missense_variant,MODERATE,5|11,ENST00000269305.9:c.532C>A,p.His178Asn,-,-,yes,Somatic,Possibly_pathogenic,COSM44068&rs1064795203&CD983489&CM111332,-,-,-,uncertain_significance,,deleterious(0),probably_damaging(1),TRUE,Likely_Oncogenic,-,TP53:7157,-,-,-,-,-,-,-,-,-,-,-,-,-,-,-,-,-,-,-,-,-,-,-,-,1%,554,-,-,-,-,-,-,-,-,-,-,-,-,-,-,-,-,-,-,-,-,-,-,-,-,-,-,-,-,-,-,-,-,-,-,II
TP53,chr17:7675095,C,A,1,1%,missense_variant,MODERATE,5|11,ENST00000269305.9:c.517G>T,p.Val173Leu,yes,-,yes,Somatic,Pathogenic,rs876660754&COSM43559&CM070299,-,-,-,likely_pathogenic&pathogenic,,deleterious(0),possibly_damaging(0.827),TRUE,Likely_Oncogenic,-,TP53:7157,-,26619011,-,-,-,-,-,-,-,-,-,-,-,-,-,-,-,-,-,-,-,-,-,-,-,-,-,-,-,-,-,-,-,-,-,-,-,-,-,-,-,-,-,-,-,-,-,-,-,-,-,-,-,-,-,-,1%,629,-,-,II
TP53,chr17:7675130,G,A,1,1%,missense_variant,MODERATE,5|11,ENST00000269305.9:c.482C>T,p.Ala161Val,-,-,yes,Somatic,Possibly_pathogenic,COSM43689&COSM6148119,-,-,-,-,,deleterious(0),probably_damaging(0.998),TRUE,Likely_Oncogenic,-,-,-,-,-,-,-,-,-,-,-,-,-,-,-,-,-,-,-,-,-,-,-,-,-,-,-,-,-,-,-,-,-,-,-,-,-,-,-,-,-,-,-,-,-,-,1%,647,-,-,-,-,-,-,-,-,-,-,-,-,-,-,II
TP53,chr17:7675136,GCGCGGA,G,1,2%,inframe_deletion,MODERATE,5|11,ENST00000269305.9:c.470_475del,p.Val157_Arg158del,-,yes,-,-,-,COSM674184&COSM43727,-,-,-,-,,-,-,FALSE,-,-,-,-,-,-,-,-,-,-,-,-,-,-,-,-,-,-,-,-,-,-,-,-,-,-,-,-,-,-,-,-,-,-,-,-,-,-,-,-,-,-,-,2%,654,-,-,-,-,-,-,-,-,-,-,-,-,-,-,-,-,-,-,VI
TP53,chr17:7675156,C,CG,1,24%,frameshift_variant,HIGH,5|11,ENST00000269305.9:c.455dup,p.Pro153AlafsTer28,-,-,yes,Somatic,Likely_Pathogenic,COSM13158&rs730882019&COSM4385682,-,0,0,pathogenic,,-,-,FALSE,-,-,-,-,1565143&8718514,-,-,-,-,-,-,-,-,-,-,24%,614,-,-,-,-,-,-,-,-,-,-,-,-,-,-,-,-,-,-,-,-,-,-,-,-,-,-,-,-,-,-,-,-,-,-,-,-,-,-,-,-,-,-,-,-,-,-,VI
TP53,chr17:7675180,C,A,1,1%,missense_variant,MODERATE,5|11,ENST00000269305.9:c.432G>T,p.Gln144His,-,-,yes,Somatic,VUS,COSM45961&rs786201419,-,-,-,likely_pathogenic,,deleterious(0.04),probably_damaging(0.99),TRUE,Likely_Oncogenic,-,TP53:7157,-,26619011,-,-,-,-,-,-,-,-,-,-,-,-,-,-,-,-,-,-,-,-,-,-,-,-,-,-,-,-,-,-,-,-,-,-,-,-,-,-,-,-,-,-,-,-,-,-,1%,562,-,-,-,-,-,-,-,-,-,-,II
TP53,chr17:7676007,G,A,1,3%,missense_variant,MODERATE,4|11,ENST00000269305.9:c.362C>T,p.Ser121Phe,-,-,yes,Somatic,VUS,COSM44027,-,-,-,-,,deleterious(0.02),possibly_damaging(0.835),TRUE,Likely_Oncogenic,-,-,-,-,-,-,-,-,-,-,-,-,-,-,-,-,-,-,-,-,-,-,-,-,-,-,-,-,-,-,-,-,-,-,-,-,-,-,-,-,-,-,-,-,-,-,-,-,-,-,-,-,-,-,-,-,3%,78,-,-,-,-,II
BRCA1,chr17:43047643,C,A,1,0%,missense_variant&splice_region_variant,MODERATE,23|24,ENST00000471181.7:c.5530G>T,p.Ala1844Ser,-,-,yes,-,-,CM119469&CS023469&COSM5575266,-,-,-,-,solo 1 entrada como patogénica de enero 2023 en línea germinal,tolerated(0.07),benign(0.268),FALSE,Likely_Oncogenic,Rucaparib|Niraparib|Talazoparib|Olaparib,BRCA1:672,-,-,-,-,-,-,-,-,-,-,-,-,0%,1690,-,-,-,-,-,-,-,-,-,-,-,-,-,-,-,-,-,-,-,-,-,-,-,-,-,-,-,-,-,-,-,-,-,-,-,-,-,-,-,-,-,-,-,-,-,-,Ib
BRCA1,chr17:43063934,C,A,1,1%,stop_gained,HIGH,18|24,ENST00000471181.7:c.5155G>T,p.Glu1719Ter,-,-,yes,-,-,CD164381,-,-,-,-,Likely oncogenic,-,-,FALSE,Likely_Oncogenic,Rucaparib|Niraparib|Talazoparib|Olaparib,BRCA1:672,-,-,-,-,1%,392,-,-,-,-,-,-,-,-,-,-,-,-,-,-,-,-,-,-,-,-,-,-,-,-,-,-,-,-,-,-,-,-,-,-,-,-,-,-,-,-,-,-,-,-,-,-,-,-,-,-,-,-,-,-,Ib
BRCA1,chr17:43092968,G,A,1,1%,stop_gained,HIGH,10|24,ENST00000471181.7:c.2563C>T,p.Gln855Ter,-,-,yes,germline,Pathogenic,CM030787&rs80357131,-,-,-,pathogenic,,-,-,FALSE,Likely_Oncogenic,Rucaparib|Niraparib|Talazoparib|Olaparib,BRCA1:672,-,25741868&26467025&26295337&12673801,-,-,-,-,-,-,-,-,-,-,-,-,-,-,1%,666,-,-,-,-,-,-,-,-,-,-,-,-,-,-,-,-,-,-,-,-,-,-,-,-,-,-,-,-,-,-,-,-,-,-,-,-,-,-,-,-,-,-,Ib
BRCA1,chr17:43094843,C,A,1,1%,stop_gained,HIGH,10|24,ENST00000471181.7:c.688G>T,p.Glu230Ter,-,-,yes,germline,Pathogenic,rs1555593310&CM126467,-,-,-,likely_pathogenic&pathogenic,,-,-,FALSE,Likely_Oncogenic,Rucaparib|Niraparib|Talazoparib|Olaparib,BRCA1:672,-,-,-,-,-,-,-,-,-,-,-,-,-,-,-,-,-,-,-,-,-,-,-,-,1%,323,-,-,-,-,-,-,-,-,-,-,-,-,-,-,-,-,-,-,-,-,-,-,-,-,-,-,-,-,-,-,-,-,-,-,Ib
BRCA1,chr17:43115742,C,A,1,3%,missense_variant,MODERATE,3|24,ENST00000471181.7:c.118G>T,p.Asp40Tyr,-,-,yes,-,-,CD000595,-,-,-,-,valor elevado de nivel de conservación y scores de patogenicidad,deleterious(0),probably_damaging(1),FALSE,Unknown,-,BRCA1:672,-,-,-,-,-,-,-,-,-,-,-,-,-,-,-,-,-,-,-,-,-,-,-,-,-,-,-,-,-,-,-,-,-,-,-,-,-,-,3%,144,-,-,-,-,-,-,-,-,-,-,-,-,-,-,-,-,-,-,-,-,VI
SMAD4,chr18:51048758,G,T,1,4%,stop_gained,HIGH,3|3,ENST00000589941.1:c.322G>T,p.Glu108Ter,-,-,-,-,-,COSM1226731,-,-,-,-,"cbioportal pancreatic, alto score de conservacion y de patogenicidad",-,-,FALSE,Likely_Oncogenic,-,-,-,-,-,-,4%,323,-,-,-,-,-,-,-,-,-,-,-,-,-,-,-,-,-,-,-,-,-,-,-,-,-,-,-,-,-,-,-,-,-,-,-,-,-,-,-,-,-,-,-,-,-,-,-,-,-,-,-,-,-,-,III
SMAD4,chr18:51048839,C,T,1,2%,stop_gained,HIGH,3|3,ENST00000590061.1:c.403C>T,p.Arg135Ter,-,-,-,-,-,rs377767326&COSM14168&CM064283,-,-,-,pathogenic,,-,-,FALSE,Likely_Oncogenic,-,SMAD4:4089,-,15814640,-,-,-,-,-,-,-,-,-,-,-,-,-,-,2%,204,-,-,-,-,-,-,-,-,-,-,-,-,-,-,-,-,-,-,-,-,-,-,-,-,-,-,-,-,-,-,-,-,-,-,-,-,-,-,-,-,-,-,III
SMAD4,chr18:51049301,C,G,1,25%,stop_gained,HIGH,4|12,ENST00000342988.8:c.431C>G,p.Ser144Ter,-,-,-,-,-,COSM13115,-,-,-,-,,-,-,FALSE,Likely_Oncogenic,-,-,-,-,-,-,-,-,-,-,-,-,-,-,25%,218,-,-,-,-,-,-,-,-,-,-,-,-,-,-,-,-,-,-,-,-,-,-,-,-,-,-,-,-,-,-,-,-,-,-,-,-,-,-,-,-,-,-,-,-,-,-,III
SMAD4,chr18:51065451,C,A,1,2%,stop_gained,HIGH,9|12,ENST00000342988.8:c.984C>A,p.Tyr328Ter,-,-,-,-,-,COSM14214,-,-,-,-,"muestras de pancreas en cbioportal, pero bajos scores de conservación y patogenicidad",-,-,FALSE,Likely_Oncogenic,-,-,-,-,-,-,-,-,-,-,-,-,-,-,-,-,-,-,-,-,-,-,-,-,-,-,-,-,-,-,-,-,-,-,-,-,-,-,-,-,-,-,-,-,-,-,-,-,-,-,-,-,-,-,2%,104,-,-,-,-,-,-,III
SMAD4,chr18:51065563,C,A,1,1%,missense_variant,MODERATE,9|12,ENST00000342988.8:c.1096C>A,p.Gln366Lys,-,-,-,-,-,CM147871&COSM6916148,-,-,-,-,,tolerated(0.08),probably_damaging(0.996),FALSE,-,-,-,-,-,-,-,-,-,-,-,-,-,-,-,-,-,-,-,-,-,-,-,-,-,-,-,-,-,-,-,1%,461,-,-,-,-,-,-,-,-,-,-,-,-,-,-,-,-,-,-,-,-,-,-,-,-,-,-,-,-,-,-,VI
SMAD4,chr18:51065580,C,A,1,2%,missense_variant,MODERATE,9|12,ENST00000342988.8:c.1113C>A,p.His371Gln,-,-,-,-,-,CD064634,-,-,-,-,,tolerated(0.11),probably_damaging(0.997),FALSE,-,-,-,-,-,-,-,-,-,-,-,-,-,-,-,-,-,-,-,-,-,-,-,-,-,-,-,-,-,-,-,-,-,-,-,-,-,-,-,-,-,-,-,-,-,-,-,-,-,-,-,-,-,-,-,2%,113,-,-,-,-,-,-,VI
SMAD4,chr18:51078438,C,T,1,1%,missense_variant,MODERATE,12|12,ENST00000342988.8:c.1630C>T,p.Pro544Ser,-,-,-,-,-,COSM3403556,-,-,-,-,,deleterious(0.02),benign(0.374),FALSE,-,-,-,-,-,-,-,-,-,-,-,-,-,-,-,-,-,-,-,-,-,-,-,-,-,1%,274,-,-,-,-,-,-,-,-,-,-,-,-,-,-,-,-,-,-,-,-,-,-,-,-,-,-,-,-,-,-,-,-,-,-,-,-,VI
SMAD4,chr18:51078456,C,A,1,2%,missense_variant,MODERATE,12|12,ENST00000342988.8:c.1648C>A,p.Pro550Thr,-,-,-,-,-,COSM7586893,-,-,-,-,,deleterious_low_confidence(0.02),benign(0.05),FALSE,-,-,-,-,-,-,-,-,-,-,-,-,-,-,-,-,-,-,-,-,-,-,-,-,-,-,-,-,-,-,-,-,-,-,-,-,-,-,-,-,-,-,-,-,-,-,-,-,-,-,-,-,-,2%,249,-,-,-,-,-,-,-,-,VI
STK11,chr19:1207021,C,A,1,1%,stop_gained,HIGH,1|10,ENST00000326873.12:c.108C>A,p.Tyr36Ter,-,-,-,-,-,COSM20947&rs137853079,-,-,-,pathogenic,,-,-,FALSE,Likely_Oncogenic,Bemcentinib,STK11:6794,-,10362809,-,-,-,-,-,-,-,-,-,-,1%,757,-,-,-,-,-,-,-,-,-,-,-,-,-,-,-,-,-,-,-,-,-,-,-,-,-,-,-,-,-,-,-,-,-,-,-,-,-,-,-,-,-,-,-,-,-,-,Ib
STK11,chr19:1207053,G,A,1,1%,missense_variant,MODERATE,1|10,ENST00000326873.12:c.140G>A,p.Gly47Asp,-,-,-,-,-,rs866690702,-,-,-,-,,deleterious(0.04),possibly_damaging(0.872),FALSE,-,-,STK11:6794,-,-,-,-,-,-,-,-,-,-,-,-,-,-,-,-,-,-,-,-,-,-,-,-,-,-,-,-,-,-,-,-,-,-,-,-,-,-,1%,445,-,-,-,-,-,-,-,-,-,-,-,-,-,-,-,-,-,-,-,-,VI
STK11,chr19:1220408,T,A,1,1%,missense_variant,MODERATE,4|10,ENST00000326873.12:c.500T>A,p.Leu167Gln,-,-,-,-,-,CM135264&CM055545,-,-,-,-,,deleterious(0),probably_damaging(0.999),FALSE,-,-,-,-,-,-,-,-,-,-,-,-,-,-,-,-,-,-,-,-,-,-,-,-,-,-,-,-,-,-,-,-,-,-,-,-,-,-,-,-,-,1%,1032,-,-,-,-,-,-,-,-,-,-,-,-,-,-,-,-,-,-,-,-,VI
STK11,chr19:1220623,C,A,1,1%,missense_variant,MODERATE,5|10,ENST00000326873.12:c.640C>A,p.Gln214Lys,-,-,-,-,-,CM051651,-,-,-,-,,deleterious(0.01),possibly_damaging(0.575),FALSE,-,-,-,-,-,-,-,-,-,-,-,-,-,-,-,-,-,-,-,-,-,-,-,-,-,-,-,-,-,-,-,-,-,1%,251,-,-,-,-,-,-,-,-,-,-,-,-,-,-,-,-,-,-,-,-,-,-,-,-,-,-,-,-,VI
STK11,chr19:1221261,C,A,1,1%,stop_gained,HIGH,6|10,ENST00000326873.12:c.783C>A,p.Tyr261Ter,-,-,-,-,-,CM147057,-,-,-,-,,-,-,FALSE,-,-,-,-,-,-,-,-,-,-,-,-,-,-,-,-,-,-,-,-,-,-,-,-,-,-,-,-,-,-,-,-,-,-,-,-,-,-,-,-,-,1%,806,-,-,-,-,-,-,-,-,-,-,-,-,-,-,-,-,-,-,-,-,VI
STK11,chr19:1223001,C,A,1,1%,missense_variant,MODERATE,8|10,ENST00000326873.12:c.937C>A,p.His313Asn,-,-,-,-,-,COSM5021973,-,-,-,-,,tolerated(0.21),probably_damaging(0.939),FALSE,-,-,-,-,-,-,-,-,-,-,-,-,-,-,-,-,-,-,-,-,-,-,-,-,-,-,-,-,-,-,-,-,-,1%,585,-,-,-,-,-,-,-,-,-,-,-,-,-,-,-,-,-,-,-,-,-,-,-,-,-,-,-,-,VI
MSH2,chr2:47410199,C,A,1,1%,missense_variant,MODERATE,3|16,ENST00000233146.7:c.472C>A,p.Gln158Lys,-,-,-,-,-,CM052902,-,-,-,-,,deleterious(0.05),possibly_damaging(0.456),FALSE,-,-,-,-,-,-,-,-,-,-,-,-,-,1%,673,-,-,-,-,-,-,-,-,-,-,-,-,-,-,-,-,-,-,-,-,-,-,-,-,-,-,-,-,-,-,-,-,-,-,-,-,-,-,-,-,-,-,-,-,-,-,-,-,VI
MSH2,chr2:47412534,G,A,1,7%,missense_variant,MODERATE,4|16,ENST00000233146.7:c.766G>A,p.Ala256Thr,-,-,-,-,-,rs377403073,2.00E-04,8.00E-04,4.78E-05,conflicting_interpretations_of_pathogenicity&uncertain_significance,,tolerated(0.17),benign(0.3),FALSE,-,-,MSH2:4436,-,-,-,-,-,-,-,-,-,-,-,-,-,-,-,-,-,-,-,-,-,-,-,-,-,-,-,-,-,-,-,-,-,-,-,-,-,-,-,-,-,-,-,-,-,-,-,-,-,-,-,-,7%,30,-,-,-,-,-,-,VI
MSH2,chr2:47416357,C,A,1,1%,missense_variant,MODERATE,6|16,ENST00000233146.7:c.1004C>A,p.Thr335Asn,-,-,-,-,-,CM015037&CD056185,-,-,-,-,,deleterious(0.01),possibly_damaging(0.739),FALSE,-,-,-,-,-,-,-,1%,376,-,-,-,-,-,-,-,-,-,-,-,-,-,-,-,-,-,-,-,-,-,-,-,-,-,-,-,-,-,-,-,-,-,-,-,-,-,-,-,-,-,-,-,-,-,-,-,-,-,-,-,-,-,-,VI
MSH2,chr2:47476429,C,A,1,1%,missense_variant,MODERATE,13|16,ENST00000233146.7:c.2068C>A,p.Gln690Lys,-,-,-,-,-,CM122696,-,-,-,-,,deleterious(0.01),probably_damaging(0.992),FALSE,-,-,-,-,-,-,-,-,-,-,-,-,-,-,-,-,-,-,-,-,-,-,-,-,-,-,-,-,-,-,-,-,-,1%,513,-,-,-,-,-,-,-,-,-,-,-,-,-,-,-,-,-,-,-,-,-,-,-,-,-,-,-,-,VI
MSH2,chr2:47476447,C,T,1,1%,missense_variant,MODERATE,13|16,ENST00000233146.7:c.2086C>T,p.Pro696Ser,-,-,-,-,-,rs546201898,-,-,-,uncertain_significance,,deleterious(0),probably_damaging(1),FALSE,-,-,MSH2:4436,-,-,-,-,-,-,-,-,-,-,-,-,-,-,-,-,-,-,-,-,-,-,-,-,-,-,-,-,1%,503,-,-,-,-,-,-,-,-,-,-,-,-,-,-,-,-,-,-,-,-,-,-,-,-,-,-,-,-,-,-,VI
MSH6,chr2:47799976,G,T,1,1%,stop_gained,HIGH,4|10,ENST00000234420.11:c.1993G>T,p.Glu665Ter,-,-,-,-,-,COSM6940286&rs1333555322,-,-,-,pathogenic,,-,-,FALSE,Likely_Oncogenic,-,MSH6:2956,-,-,-,-,-,-,-,-,-,-,-,-,-,-,-,-,-,-,-,-,-,-,-,-,-,-,-,-,-,-,-,-,-,-,-,-,-,-,-,-,-,-,-,-,-,-,1%,408,-,-,-,-,-,-,-,-,-,-,-,-,III
MSH6,chr2:47800130,C,A,1,1%,missense_variant,MODERATE,4|10,ENST00000234420.11:c.2147C>A,p.Thr716Lys,-,-,-,-,-,CD126194,-,-,-,-,,tolerated(0.95),benign(0),FALSE,-,-,-,-,-,-,-,-,-,-,-,-,-,-,-,-,-,-,-,-,-,-,-,-,-,-,-,-,-,-,-,-,-,-,-,-,-,-,-,-,-,1%,207,-,-,-,-,-,-,-,-,-,-,-,-,-,-,-,-,-,-,-,-,VI
MSH6,chr2:47801092,T,C,1,1%,missense_variant,MODERATE,4|10,ENST00000234420.11:c.3109T>C,p.Phe1037Leu,-,-,-,-,-,COSM4754555,-,-,-,-,,deleterious(0),probably_damaging(1),FALSE,-,-,MSH6:2956,-,-,-,-,-,-,-,-,-,-,-,-,-,-,-,-,-,-,-,-,-,-,-,-,-,-,-,-,1%,543,-,-,-,-,-,-,-,-,-,-,-,-,-,-,-,-,-,-,-,-,-,-,-,-,-,-,-,-,-,-,VI
TGFBR2,chr3:30650379,GA,G,1,7%,frameshift_variant,HIGH,3|7,ENST00000295754.10:c.383del,p.Lys128SerfsTer35,-,-,-,-,-,COSM1180952&rs79375991,-,0.003398,0.002484,benign&likely_pathogenic,,-,-,FALSE,-,-,-,-,-,-,-,-,-,-,-,-,-,-,-,-,-,-,-,-,-,-,-,-,-,-,-,-,-,-,-,-,-,-,-,-,-,-,-,-,-,-,-,-,-,-,-,-,-,-,-,-,-,-,-,-,-,-,-,7%,121,-,-,VI
MLH1,chr3:37020404,C,A,1,1%,missense_variant,MODERATE,11|19,ENST00000231790.8:c.979C>A,p.Gln327Lys,-,-,-,-,-,CM105875,-,-,-,-,,tolerated(0.33),benign(0.241),FALSE,-,-,-,-,-,-,-,-,-,-,-,-,-,-,-,-,-,-,-,-,-,-,-,-,-,-,-,-,-,1%,788,-,-,-,-,-,-,-,-,-,-,-,-,-,-,-,-,-,-,-,-,-,-,-,-,-,-,-,-,-,-,-,-,VI
MLH1,chr3:37047531,C,A,1,1%,missense_variant,MODERATE,16|19,ENST00000231790.8:c.1744C>A,p.Leu582Ile,-,-,-,-,-,CM101375&CD144235&CM950807,-,-,-,-,,tolerated(0.54),benign(0.218),FALSE,-,-,-,-,-,-,-,-,-,-,-,-,-,-,-,-,-,-,-,-,-,-,-,-,-,-,-,-,-,-,-,-,-,-,-,-,-,-,-,-,-,-,-,-,-,-,-,1%,241,-,-,-,-,-,-,-,-,-,-,-,-,-,-,VI
MLH1,chr3:37047544,C,A,1,1%,missense_variant,MODERATE,16|19,ENST00000231790.8:c.1757C>A,p.Ala586Asp,-,-,-,-,-,rs63750587&CM068364,-,-,-,uncertain_significance&likely_pathogenic,,deleterious(0),possibly_damaging(0.687),FALSE,-,-,MLH1:4292,-,-,-,-,-,-,-,-,-,-,-,-,-,-,-,-,-,-,-,-,-,-,-,-,-,-,-,-,-,-,1%,274,-,-,-,-,-,-,-,-,-,-,-,-,-,-,-,-,-,-,-,-,-,-,-,-,-,-,-,-,VI
MLH1,chr3:37048550,G,A,1,1%,missense_variant,MODERATE,17|19,ENST00000231790.8:c.1930G>A,p.Asp644Asn,-,-,-,-,-,rs1064793400&CD093528,-,-,-,uncertain_significance,,deleterious(0.02),benign(0.131),FALSE,-,-,MLH1:4292,-,-,-,-,-,-,-,-,-,-,-,-,-,-,-,-,1%,725,-,-,-,-,-,-,-,-,-,-,-,-,-,-,-,-,-,-,-,-,-,-,-,-,-,-,-,-,-,-,-,-,-,-,-,-,-,-,-,-,-,-,VI
MLH1,chr3:37048562,C,A,1,1%,missense_variant,MODERATE,17|19,ENST00000231790.8:c.1942C>A,p.Pro648Thr,-,-,-,-,-,CM022817,-,-,-,-,,deleterious(0),probably_damaging(1),FALSE,-,-,-,-,-,-,-,-,-,-,-,-,-,-,-,-,-,-,-,-,-,-,-,-,-,-,-,-,-,-,-,-,-,1%,691,-,-,-,-,-,-,-,-,-,-,-,-,-,-,-,-,-,-,-,-,-,-,-,-,-,-,-,-,VI
MLH1,chr3:37049007,C,A,1,1%,stop_gained,HIGH,18|19,ENST00000231790.8:c.2093C>A,p.Ser698Ter,-,-,-,-,-,CM942064,-,-,-,-,,-,-,FALSE,-,-,-,-,-,-,-,-,-,-,-,-,-,-,-,-,-,-,-,-,-,-,-,-,-,-,-,-,-,-,-,-,-,1%,486,-,-,-,-,-,-,-,-,-,-,-,-,-,-,-,-,-,-,-,-,-,-,-,-,-,-,-,-,VI
MLH1,chr3:37049015,C,A,1,1%,missense_variant&splice_region_variant,MODERATE,18|19,ENST00000231790.8:c.2101C>A,p.Gln701Lys,-,-,-,-,-,rs63750114&CM066579&CM065313&COSM6023788,0.0012,0.006648,0.0004906,likely_benign&uncertain_significance&benign/likely_benign&benign&conflicting_interpretations_of_pathogenicity,,tolerated(0.48),benign(0.02),FALSE,-,-,MLH1:4292,-,25741868&26811195&26900293&16929514&18094436,-,-,-,-,-,-,-,-,-,-,-,-,-,-,-,-,-,-,-,-,-,-,-,-,-,-,-,-,1%,495,-,-,-,-,-,-,-,-,-,-,-,-,-,-,-,-,-,-,-,-,-,-,-,-,-,-,-,-,VI
PMS2,chr7:5977680,C,A,1,1%,stop_gained,HIGH,14|15,ENST00000265849.12:c.2353G>T,p.Glu785Ter,-,-,-,-,-,rs1554293920,-,-,-,pathogenic,,-,-,FALSE,Likely_Oncogenic,-,PMS2:5395,-,-,-,-,-,-,-,-,-,-,-,-,-,-,-,-,-,-,1%,726,-,-,-,-,-,-,-,-,-,-,-,-,-,-,-,-,-,-,-,-,-,-,-,-,-,-,-,-,-,-,-,-,-,-,-,-,-,-,-,-,III
PMS2,chr7:5987389,G,T,1,0%,stop_gained,HIGH,11|15,ENST00000265849.12:c.1376C>A,p.Ser459Ter,-,-,-,-,-,rs587780724,-,-,-,pathogenic,,-,-,FALSE,Likely_Oncogenic,-,PMS2:5395,-,-,-,-,-,-,-,-,-,-,-,-,-,-,-,-,-,-,-,-,-,-,-,-,-,-,-,-,-,-,0%,1608,-,-,-,-,-,-,-,-,-,-,-,-,-,-,-,-,-,-,-,-,-,-,-,-,-,-,-,-,III
PMS2,chr7:6002512,G,A,1,2%,stop_gained,HIGH,5|15,ENST00000265849.12:c.478C>T,p.Gln160Ter,-,-,-,-,-,COSM9867045,-,-,-,-,,-,-,FALSE,Likely_Oncogenic,-,PMS2:5395,-,-,-,-,-,-,-,-,-,-,-,-,-,-,-,-,-,-,-,-,-,-,-,-,-,-,-,-,-,-,-,-,-,-,-,-,-,-,2%,129,-,-,-,-,-,-,-,-,-,-,-,-,-,-,-,-,-,-,-,-,III
PMS2,chr7:6005964,C,A,1,2%,missense_variant,MODERATE,2|15,ENST00000265849.12:c.91G>T,p.Val31Leu,-,-,-,-,-,rs786203763,-,-,-,uncertain_significance,,deleterious(0),probably_damaging(0.971),FALSE,-,-,PMS2:5395,-,-,-,-,-,-,-,-,-,-,-,-,-,-,-,-,-,-,-,-,-,-,-,-,-,-,-,-,-,-,2%,263,-,-,-,-,-,-,-,-,-,-,-,-,-,-,-,-,-,-,-,-,-,-,-,-,-,-,-,-,VI
CDKN2A,chr9:21970902,C,A,1,1%,stop_gained&splice_region_variant,HIGH,2|4,ENST00000498124.1:c.457G>T,p.Glu153Ter,-,-,-,-,-,CS972842&rs45476696&CS108038&COSM13829&CM156717&CM1414341,-,0,0,likely_pathogenic&pathogenic,,-,-,FALSE,Likely_Oncogenic,Abemaciclib|Ribociclib|Palbociclib,CDKN2A:1029,-,-,-,-,-,-,-,-,-,-,-,-,-,-,-,-,-,-,-,-,-,-,-,-,-,-,-,-,-,-,-,-,1%,681,-,-,-,-,-,-,-,-,-,-,-,-,-,-,-,-,-,-,-,-,-,-,-,-,-,-,Ib
CDKN2A,chr9:21970994,C,A,1,0%,missense_variant,MODERATE,2|4,ENST00000498124.1:c.365G>T,p.Gly122Val,-,-,-,-,-,rs373291490&CD1414342&CM001960&COSM3092253,-,0.0004483,3.30E-05,uncertain_significance,,deleterious(0),probably_damaging(0.999),FALSE,-,-,CDKN2A:1029,-,-,-,-,0%,818,-,-,-,-,-,-,-,-,-,-,-,-,-,-,-,-,-,-,-,-,-,-,-,-,-,-,-,-,-,-,-,-,-,-,-,-,-,-,-,-,-,-,-,-,-,-,-,-,-,-,-,-,-,-,VI
CDKN2A,chr9:21971188,GGC,G,1,1%,frameshift_variant,HIGH,2|4,ENST00000498124.1:c.169_170del,p.Ala57ProfsTer62,-,-,-,-,-,COSM48951,-,-,-,-,"cbioportal pancreatic y melanoma, alto score de conservacion",-,-,FALSE,-,-,-,-,-,-,-,-,-,1%,1031,-,-,-,-,-,-,-,-,-,-,-,-,-,-,-,-,-,-,-,-,-,-,-,-,-,-,-,-,-,-,-,-,-,-,-,-,-,-,-,-,-,-,-,-,-,-,-,-,-,-,-,-,VI
CDKN2A,chr9:21974685,G,A,1,3%,missense_variant,MODERATE,1|4,ENST00000498124.1:c.143C>T,p.Pro48Leu,yes,-,-,-,-,CM970251&COSM12743,-,-,-,-,,deleterious(0.03),probably_damaging(0.984),TRUE,Oncogenic,Abemaciclib|Ribociclib|Palbociclib,-,-,-,-,-,-,-,-,-,-,-,-,-,-,-,-,-,-,-,-,-,-,-,-,-,-,-,-,-,-,-,-,-,-,-,-,-,-,-,-,-,-,-,-,-,-,-,-,-,-,-,-,-,-,-,-,-,-,-,3%,1642,Ia
CDKN2A,chr9:21974696,G,GT,1,14%,stop_gained&frameshift_variant,HIGH,1|4,ENST00000498124.1:c.131dup,p.Tyr44Ter,-,-,-,-,-,rs730881673&COSM14233,-,9.06E-06,4.05E-06,-,,-,-,FALSE,Likely_Oncogenic,Abemaciclib|Ribociclib|Palbociclib,CDKN2A:1029,-,-,-,-,-,-,-,-,-,-,-,-,-,-,-,-,-,-,-,-,-,-,-,-,-,-,-,-,-,-,-,-,-,-,-,-,14%,1162,-,-,-,-,-,-,-,-,-,-,-,-,-,-,-,-,-,-,-,-,-,-,Ib
